{"cameraMode":{"drawMode":0,"name":"Shaded","section":"Shading Mode"},"sceneLighting":true,"audioPlay":false,"sceneViewState":{"m_AlwaysRefresh":false,"showFog":true,"showSkybox":true,"showFlares":true,"showImageEffects":true,"showParticleSystems":true,"showVisualEffectGraphs":true,"m_FxEnabled":true},"in2DMode":false,"pivot":{"x":3.2880494594573976,"y":0.6112667322158814,"z":66.30762481689453},"rotation":{"x":-0.10133922845125199,"y":0.16249385476112367,"z":-0.016774393618106843,"w":-0.9813600778579712},"size":5.751549243927002,"orthographic":false}